72705,Anne,Hathaway,,Female,,,,,,
62596,Thomas,Marshall,,,,,,,,
61828,Martha,Wishington,,,,,,,,
77828,Ashley,Judd,,,,,,,,
65030,Farhat,Hadi,20/10/97,Male,,,,,,
41610,Wesley,Clark,,,,,,,,
22794,Charles,Darwin,,,,,,,,
74379,Farhat,Hadi,20/10/97,Male,,,,,,
54923,Mary,Hirsch,,,,,,,,
84650,Luiz,Suares,01/01/19,Male,1234,1234,Individual,12/01/21,12/04/21,108
42124,Susan,Anthony,,,,,,,,
87439,Oscar,Wilde,,,,,,,,
36496,Linda,Bishop,18/12/87,,,,,,,
84753,Elizabeth,Bowen,,,,,,,,
58001,Bradley,Wright-Phillips,15/05/90,,,,,,,
